店铺名称,店铺地址,商品标题,商品价格,商品销量
天猫超市,上海,欧莱雅紫熨斗眼霜保湿抗皱淡化细纹黑眼圈30ml,¥489.00 ,0人付款
天猫超市,上海,巴黎欧莱雅精油润养洗发水护发素洗护套装正品 改善干枯 柔顺头发,¥89.90 ,1.0万+人付款
天猫超市,上海,欧莱雅蒸汽发膜帽x2 正品修复干枯奇焕垂顺精油焗油护发改善毛躁,¥69.90 ,1921人付款
天猫超市,上海,欧莱雅小花源清新茉莉香水护发精油100ml 头发免洗柔顺修护干枯发,¥109.00 ,1344人付款
天猫超市,上海,欧莱雅发膜女免蒸精油护发素正品修复干枯焗油膏倒膜头发营养护理,¥39.00 ,2778人付款
天猫超市,上海,欧莱雅大金瓶精油洗发水奇焕垂顺洗发露洗头膏+奇焕垂顺润发乳,¥168.00 ,245人付款
天猫超市,江苏 苏州,欧莱雅男士专用洗面奶护肤品套装补水控油抗痘去黑头火山泥洁面乳,¥99.00 ,5.0万+人付款
天猫超市,江苏 苏州,欧莱雅男士护肤品套装补水保湿乳洗面奶洗脸男士专用水乳套装全套,¥189.00 ,3.0万+人付款
天猫超市,浙江 杭州,L'OREAL /欧莱雅玻尿酸日晚霜眼霜孚波因抗皱保湿补水套装精华,¥479.00 ,13人付款
天猫超市,浙江 杭州,欧莱雅金致臻颜牡丹奢养粉妍精华+面霜精华水补水保湿套装套盒,¥275.00 ,15人付款
天猫超市,江苏 苏州,欧莱雅小金管麦色滤面部防紫外线防晒伤隔离防晒霜SPF50+男女30ml,¥149.00 ,9.0万+人付款
天猫超市,上海,欧莱雅男士洗面奶男清洁控油磨砂抗黑头洁面膏洁面乳去黑头缩毛孔,¥37.90 ,8500+人付款
天猫超市,广东 深圳,欧莱雅小黑瓶50ml青春密码酵素面部精华补水紧致抗衰老初老肌底液,¥139.00 ,1304人付款
欧莱雅男士官方旗舰店,江苏 苏州,欧莱雅男士控油炭爽抗黑头洁面膏清洁洗面奶祛黑头洁面乳官方正品,¥39.00 ,2.5万+人付款
欧莱雅男士官方旗舰店,上海,欧莱雅男士专用洗面奶男控油祛痘印去黑头火山岩洁面护肤套装正品,¥34.90 ,1.5万+人付款
欧莱雅男士官方旗舰店,江苏 南京,欧莱雅男士专用洗面奶火山岩泥控油祛痘磨砂去黑头深层清洁面乳膏,¥62.90 ,4991人付款
欧莱雅男士官方旗舰店,上海,欧莱雅小金管防晒隔离霜麦色滤男女面脸部防晒伤紫外线SPF50正品,¥115.00 ,983人付款
天猫国际进口超市,上海,欧莱雅男士洗面奶男火山岩控油祛痘去黑头去油洁面乳护肤品套装,¥39.90 ,4257人付款
天猫国际进口超市,浙江 杭州,巴黎欧莱雅男士洗面奶水能润泽双效洁面膏乳补水保湿控油深层清洁,¥35.90 ,3919人付款
天猫国际进口超市,江苏 苏州,巴黎欧莱雅大金瓶洗发水护发素洗护套装柔顺洗发露女士官方旗舰店,¥188.00 ,1.5万+人付款
天猫国际进口超市,江苏 苏州,巴黎欧莱雅精油润养洗发水护发素洗护套装女洗发露官方旗舰店1.4L,¥119.00 ,2.0万+人付款
欧莱雅官方旗舰店,上海,欧莱雅男士洗面奶控油祛痘黑头除螨虫收缩毛孔专用变白套装组合装,¥58.90 ,975人付款
欧莱雅官方旗舰店,上海,欧莱雅男士专用变白洗面奶学生青少年控油去黑头祛痘除螨虫洁面乳,¥29.90 ,3188人付款
loreal欧莱雅欧美斯专卖店,北京,欧莱雅烫发水药剂冷烫卷发家用烫刘海冷烫精烫头发软化膏定型药水,¥38.60 ,4014人付款
loreal欧莱雅欧美斯专卖店,上海,欧莱雅男士专用洗面奶男控油祛痘螨虫去黑头变白洁面乳护肤品套装,¥54.80 ,1462人付款
清泠,江苏 苏州,欧莱雅男士劲能醒肤露保湿面霜补水乳液夏季擦脸护肤品官方旗舰店,¥79.00 ,1789人付款
清泠,上海,欧莱雅洗面奶男士套装火山岩泥控油祛痘黑头螨虫去角质死皮洁面乳,¥59.90 ,1087人付款
欧莱雅官方旗舰店,江苏 南京,欧莱雅美发奇焕润发头发精油护发100ml适合各种发质 苏宁自营,¥69.90 ,593人付款
欧莱雅官方旗舰店,江苏 南京,欧莱雅大金瓶洗发水护发素洗护套装柔顺洗发露 送赠品,¥179.00 ,6人付款
欧莱雅官方旗舰店,上海,正品欧莱雅直发膏软化剂柔顺头发一梳直免夹免拉男女不伤发烫发水,¥96.00 ,1167人付款
欧莱雅官方旗舰店,江苏 苏州,欧莱雅男士护肤品套装洗面奶夏季补水乳保湿面霜三件套官方旗舰店,¥89.00 ,1459人付款
瑞驰化妆品专营店,上海,欧莱雅男士锐能眼霜抗皱紧致淡化细纹黑眼圈去眼袋官方旗舰店正品,¥99.00 ,1201人付款
瑞驰化妆品专营店,浙江 杭州,欧莱雅男士护肤品套装三件套水能洗面奶乳液面霜补水保湿滋润酷爽,¥79.00 ,1490人付款
欧莱雅美洁金信专卖店,上海,欧莱雅直发膏一洗直免拉永久定型软化剂拉直头发药一梳直免夹家用,¥66.00 ,1187人付款
欧莱雅美洁金信专卖店,广东 广州,欧莱雅控油炭爽双效洁面膏护肤洗面奶男士专用保湿补水正品100ml,¥33.80 ,1856人付款
loreal欧莱雅欧美斯专卖店,广东 广州,欧莱雅直发膏 一梳直头发洗直水家用免拉软化剂持久离子烫,¥68.00 ,852人付款
loreal欧莱雅欧美斯专卖店,上海,欧莱雅洗面奶男控油祛痘除螨虫去黑头学生青少年专用变白组合套装,¥99.90 ,1106人付款
欧莱雅恒骊祥专卖店,广东 广州,欧莱雅直发膏一洗直免拉永久定型软化剂拉直头发药一梳直免夹家用,¥75.60 ,1049人付款
欧莱雅恒骊祥专卖店,上海,欧莱雅直发膏免夹免拉一梳直头发柔顺软化剂自然卷克星家用烫发水,¥58.00 ,2322人付款
欧莱雅美发官方旗舰店,广东 广州,L'OREAL /欧莱雅活力紧致透明质酸导入霜补水保湿修护面霜50ml,¥289.00 ,1人付款
欧莱雅美发官方旗舰店,浙江 杭州,欧莱雅直发膏一梳直头发永久定型软化剂家用拉直膏免夹免拉不伤发,¥39.50 ,4362人付款
欧莱雅美发官方旗舰店,广东 广州,L'OREAL /欧莱雅葡萄籽系列套装补水保湿乳液洁面精华液柔肤水,¥429.00 ,25人付款
欧莱雅美发官方旗舰店,浙江 杭州,欧莱雅直发膏头发柔顺滑一梳直免夹定型软化膏离子烫软发剂不伤发,¥52.80 ,2309人付款
怡然居化妆品批发,北京,欧莱雅烫发水药剂冷烫卷发家用烫羊毛卷锡纸烫定型剂冷烫精药水,¥38.60 ,1199人付款
怡然居化妆品批发,,巴黎欧莱雅桉树洁净洗面奶 150ml 洁净控油温和洁面滋润保湿,¥149.00 ,5人付款
怡然居化妆品批发,广东 深圳,欧莱雅小黑瓶50ml青春密码酵素面部精华补水紧致抗衰老初老肌底液,¥145.00 ,228人付款
怡然居化妆品批发,上海,欧莱雅直发膏一梳直免夹柔顺剂拉直膏家用软化剂不永久定型烫发水,¥158.00 ,343人付款